<?xml version="1.0" ?>
<SettingsStruct>
    <PersistType Value="2" Description="Persist all features except LUTs" />
    <MaxIterations Value="5" Description="How often implementation shall try to write values to specific feature (due to complex feature dependencies, multiple write operations are sometimes necessary)" />
    <Logging Status="On">
        <LoggingFile Value="-" Description="Name and/or path for logging file" />
        <LoggingLevel Value="4" Description="All messages will be logged (Info, Error, Warning, Debug, Trace)" />
    </Logging>
</SettingsStruct>
<CameraSettings CameraID="DEV_1AB22C049E08" CameraModel="1800 U-2050c" FeatureCount="291">
    <FeatureGroup Count="34">
        <Feature Name="BalanceWhiteAuto" Type="Enumeration" Access="R/W">Off</Feature>
        <Feature Name="BalanceWhiteAutoRate" Type="Float" Access="R/W">100.000000</Feature>
        <Feature Name="BalanceWhiteAutoTolerance" Type="Float" Access="R/W">5.000000</Feature>
        <Feature Name="ColorTransformationEnable" Type="Boolean" Access="R/W">False</Feature>
        <Feature Name="ContrastBrightLimit" Type="Integer" Access="R/W">255</Feature>
        <Feature Name="ContrastDarkLimit" Type="Integer" Access="R/W">0</Feature>
        <Feature Name="ContrastEnable" Type="Boolean" Access="R/W">False</Feature>
        <Feature Name="ContrastShape" Type="Integer" Access="R/W">4</Feature>
        <Feature Name="DeviceIndicatorLuminance" Type="Integer" Access="R/W">10</Feature>
        <Feature Name="DeviceIndicatorMode" Type="Enumeration" Access="R/W">Active</Feature>
        <Feature Name="DevicePowerSavingMode" Type="Enumeration" Access="R/W">Disabled</Feature>
        <Feature Name="DeviceUserID" Type="String" Access="R/W"></Feature>
        <Feature Name="ExposureAuto" Type="Enumeration" Access="R/W">Off</Feature>
        <Feature Name="ExposureAutoMax" Type="Float" Access="R/W">9000018.000000</Feature>
        <Feature Name="ExposureAutoMin" Type="Float" Access="R/W">84.611000</Feature>
        <Feature Name="ExposureTime" Type="Float" Access="R/W">180000.0</Feature>
        <Feature Name="Gain" Type="Float" Access="R/W">20.000000</Feature>
        <Feature Name="GainAuto" Type="Enumeration" Access="R/W">Off</Feature>
        <Feature Name="GainAutoMax" Type="Float" Access="R/W">27.000002</Feature>
        <Feature Name="GainAutoMin" Type="Float" Access="R/W">0.000000</Feature>
        <Feature Name="Gamma" Type="Float" Access="R/W">1.000000</Feature>
        <Feature Name="Hue" Type="Float" Access="R/W">0.000000</Feature>
        <Feature Name="IntensityAutoPrecedence" Type="Enumeration" Access="R/W">MinimizeNoise</Feature>
        <Feature Name="IntensityControllerAlgorithm" Type="Enumeration" Access="R/W">Mean</Feature>
        <Feature Name="IntensityControllerRate" Type="Integer" Access="R/W">100</Feature>
        <Feature Name="IntensityControllerRegion" Type="Enumeration" Access="R/W">FullImage</Feature>
        <Feature Name="IntensityControllerTarget" Type="Float" Access="R/W">49.900002</Feature>
        <Feature Name="IntensityControllerTolerance" Type="Integer" Access="R/W">5</Feature>
        <Feature Name="LensShadingCenterOffsetX" Type="Integer" Access="R/W">2748</Feature>
        <Feature Name="LensShadingCenterOffsetY" Type="Integer" Access="R/W">1836</Feature>
        <Feature Name="Saturation" Type="Float" Access="R/W">1.000000</Feature>
        <Feature Name="SerialHubEnable" Type="Boolean" Access="R/W">False</Feature>
        <Feature Name="TestPendingAck" Type="Integer" Access="R/W">0</Feature>
        <Feature Name="UserSetDefault" Type="Enumeration" Access="R/W">Default</Feature>
    </FeatureGroup>
    <SelectorGroup Count="8" SelectedFeatures="42">
        <Selector Name="BalanceRatioSelector" Type="Enumeration" SelectedFeatures="1">
            <SelectorCombination Entry="Red" Feature="BalanceRatio" Type="Float">2.055176</SelectorCombination>
            <SelectorCombination Entry="Blue" Feature="BalanceRatio" Type="Float">1.929199</SelectorCombination>
        </Selector>
        <Selector Name="ColorTransformationValueSelector" Type="Enumeration" SelectedFeatures="1">
            <SelectorCombination Entry="Gain00" Feature="ColorTransformationValue" Type="Float">1.000000</SelectorCombination>
            <SelectorCombination Entry="Gain01" Feature="ColorTransformationValue" Type="Float">0.000000</SelectorCombination>
            <SelectorCombination Entry="Gain02" Feature="ColorTransformationValue" Type="Float">0.000000</SelectorCombination>
            <SelectorCombination Entry="Gain10" Feature="ColorTransformationValue" Type="Float">0.000000</SelectorCombination>
            <SelectorCombination Entry="Gain11" Feature="ColorTransformationValue" Type="Float">1.000000</SelectorCombination>
            <SelectorCombination Entry="Gain12" Feature="ColorTransformationValue" Type="Float">0.000000</SelectorCombination>
            <SelectorCombination Entry="Gain20" Feature="ColorTransformationValue" Type="Float">0.000000</SelectorCombination>
            <SelectorCombination Entry="Gain21" Feature="ColorTransformationValue" Type="Float">0.000000</SelectorCombination>
            <SelectorCombination Entry="Gain22" Feature="ColorTransformationValue" Type="Float">1.000000</SelectorCombination>
        </Selector>
        <Selector Name="CorrectionSelector" Type="Enumeration" SelectedFeatures="5">
            <SelectorCombination Entry="DefectPixelCorrection" Feature="CorrectionSetDefault" Type="Enumeration">Preset</SelectorCombination>
            <SelectorCombination Entry="FixedPatternNoiseCorrection" Feature="CorrectionSetDefault" Type="Enumeration">Preset</SelectorCombination>
        </Selector>
        <Selector Name="CounterSelector" Type="Enumeration" SelectedFeatures="11">
            <SelectorCombination Entry="Counter0" Feature="CounterValue" Type="Integer">0</SelectorCombination>
            <SelectorCombination Entry="Counter0" Feature="CounterDuration" Type="Integer">0</SelectorCombination>
            <SelectorCombination Entry="Counter0" Feature="CounterTriggerSource" Type="Enumeration">Off</SelectorCombination>
            <SelectorCombination Entry="Counter0" Feature="CounterTriggerActivation" Type="Enumeration">RisingEdge</SelectorCombination>
            <SelectorCombination Entry="Counter0" Feature="CounterEventSource" Type="Enumeration">Off</SelectorCombination>
            <SelectorCombination Entry="Counter0" Feature="CounterEventActivation" Type="Enumeration">RisingEdge</SelectorCombination>
            <SelectorCombination Entry="Counter0" Feature="CounterResetSource" Type="Enumeration">Off</SelectorCombination>
            <SelectorCombination Entry="Counter0" Feature="CounterResetActivation" Type="Enumeration">RisingEdge</SelectorCombination>
            <SelectorCombination Entry="Counter1" Feature="CounterValue" Type="Integer">0</SelectorCombination>
            <SelectorCombination Entry="Counter1" Feature="CounterDuration" Type="Integer">0</SelectorCombination>
            <SelectorCombination Entry="Counter1" Feature="CounterTriggerSource" Type="Enumeration">Off</SelectorCombination>
            <SelectorCombination Entry="Counter1" Feature="CounterTriggerActivation" Type="Enumeration">RisingEdge</SelectorCombination>
            <SelectorCombination Entry="Counter1" Feature="CounterEventSource" Type="Enumeration">Off</SelectorCombination>
            <SelectorCombination Entry="Counter1" Feature="CounterEventActivation" Type="Enumeration">RisingEdge</SelectorCombination>
            <SelectorCombination Entry="Counter1" Feature="CounterResetSource" Type="Enumeration">Off</SelectorCombination>
            <SelectorCombination Entry="Counter1" Feature="CounterResetActivation" Type="Enumeration">RisingEdge</SelectorCombination>
            <SelectorCombination Entry="Counter2" Feature="CounterValue" Type="Integer">0</SelectorCombination>
            <SelectorCombination Entry="Counter2" Feature="CounterDuration" Type="Integer">0</SelectorCombination>
            <SelectorCombination Entry="Counter2" Feature="CounterTriggerSource" Type="Enumeration">Off</SelectorCombination>
            <SelectorCombination Entry="Counter2" Feature="CounterTriggerActivation" Type="Enumeration">RisingEdge</SelectorCombination>
            <SelectorCombination Entry="Counter2" Feature="CounterEventSource" Type="Enumeration">Off</SelectorCombination>
            <SelectorCombination Entry="Counter2" Feature="CounterEventActivation" Type="Enumeration">RisingEdge</SelectorCombination>
            <SelectorCombination Entry="Counter2" Feature="CounterResetSource" Type="Enumeration">Off</SelectorCombination>
            <SelectorCombination Entry="Counter2" Feature="CounterResetActivation" Type="Enumeration">RisingEdge</SelectorCombination>
            <SelectorCombination Entry="Counter3" Feature="CounterValue" Type="Integer">0</SelectorCombination>
            <SelectorCombination Entry="Counter3" Feature="CounterDuration" Type="Integer">0</SelectorCombination>
            <SelectorCombination Entry="Counter3" Feature="CounterTriggerSource" Type="Enumeration">Off</SelectorCombination>
            <SelectorCombination Entry="Counter3" Feature="CounterTriggerActivation" Type="Enumeration">RisingEdge</SelectorCombination>
            <SelectorCombination Entry="Counter3" Feature="CounterEventSource" Type="Enumeration">Off</SelectorCombination>
            <SelectorCombination Entry="Counter3" Feature="CounterEventActivation" Type="Enumeration">RisingEdge</SelectorCombination>
            <SelectorCombination Entry="Counter3" Feature="CounterResetSource" Type="Enumeration">Off</SelectorCombination>
            <SelectorCombination Entry="Counter3" Feature="CounterResetActivation" Type="Enumeration">RisingEdge</SelectorCombination>
        </Selector>
        <Selector Name="EventSelector" Type="Enumeration" SelectedFeatures="1">
            <SelectorCombination Entry="AcquisitionEnd" Feature="EventNotification" Type="Enumeration">Off</SelectorCombination>
            <SelectorCombination Entry="AcquisitionStart" Feature="EventNotification" Type="Enumeration">Off</SelectorCombination>
            <SelectorCombination Entry="Counter0End" Feature="EventNotification" Type="Enumeration">Off</SelectorCombination>
            <SelectorCombination Entry="Counter0Start" Feature="EventNotification" Type="Enumeration">Off</SelectorCombination>
            <SelectorCombination Entry="Counter1End" Feature="EventNotification" Type="Enumeration">Off</SelectorCombination>
            <SelectorCombination Entry="Counter1Start" Feature="EventNotification" Type="Enumeration">Off</SelectorCombination>
            <SelectorCombination Entry="Counter2End" Feature="EventNotification" Type="Enumeration">Off</SelectorCombination>
            <SelectorCombination Entry="Counter2Start" Feature="EventNotification" Type="Enumeration">Off</SelectorCombination>
            <SelectorCombination Entry="Counter3End" Feature="EventNotification" Type="Enumeration">Off</SelectorCombination>
            <SelectorCombination Entry="Counter3Start" Feature="EventNotification" Type="Enumeration">Off</SelectorCombination>
            <SelectorCombination Entry="ExposureEnd" Feature="EventNotification" Type="Enumeration">Off</SelectorCombination>
            <SelectorCombination Entry="ExposureStart" Feature="EventNotification" Type="Enumeration">Off</SelectorCombination>
            <SelectorCombination Entry="FrameBufferOverflow" Feature="EventNotification" Type="Enumeration">Off</SelectorCombination>
            <SelectorCombination Entry="FrameTriggerMissed" Feature="EventNotification" Type="Enumeration">Off</SelectorCombination>
            <SelectorCombination Entry="FrameTriggerWait" Feature="EventNotification" Type="Enumeration">Off</SelectorCombination>
            <SelectorCombination Entry="Line0FallingEdge" Feature="EventNotification" Type="Enumeration">Off</SelectorCombination>
            <SelectorCombination Entry="Line0RisingEdge" Feature="EventNotification" Type="Enumeration">Off</SelectorCombination>
            <SelectorCombination Entry="Line1FallingEdge" Feature="EventNotification" Type="Enumeration">Off</SelectorCombination>
            <SelectorCombination Entry="Line1RisingEdge" Feature="EventNotification" Type="Enumeration">Off</SelectorCombination>
            <SelectorCombination Entry="Line2FallingEdge" Feature="EventNotification" Type="Enumeration">Off</SelectorCombination>
            <SelectorCombination Entry="Line2RisingEdge" Feature="EventNotification" Type="Enumeration">Off</SelectorCombination>
            <SelectorCombination Entry="Line3FallingEdge" Feature="EventNotification" Type="Enumeration">Off</SelectorCombination>
            <SelectorCombination Entry="Line3RisingEdge" Feature="EventNotification" Type="Enumeration">Off</SelectorCombination>
            <SelectorCombination Entry="Overflow" Feature="EventNotification" Type="Enumeration">Off</SelectorCombination>
            <SelectorCombination Entry="SoftwareSignal0" Feature="EventNotification" Type="Enumeration">Off</SelectorCombination>
            <SelectorCombination Entry="SoftwareSignal1" Feature="EventNotification" Type="Enumeration">Off</SelectorCombination>
            <SelectorCombination Entry="TemperatureOK" Feature="EventNotification" Type="Enumeration">Off</SelectorCombination>
            <SelectorCombination Entry="TemperatureOvertemperature" Feature="EventNotification" Type="Enumeration">Off</SelectorCombination>
            <SelectorCombination Entry="TemperatureShutOff" Feature="EventNotification" Type="Enumeration">Off</SelectorCombination>
            <SelectorCombination Entry="TemperatureWarning" Feature="EventNotification" Type="Enumeration">Off</SelectorCombination>
            <SelectorCombination Entry="Test" Feature="EventNotification" Type="Enumeration">On</SelectorCombination>
            <SelectorCombination Entry="Timer0End" Feature="EventNotification" Type="Enumeration">Off</SelectorCombination>
            <SelectorCombination Entry="Timer0Start" Feature="EventNotification" Type="Enumeration">Off</SelectorCombination>
            <SelectorCombination Entry="Timer1End" Feature="EventNotification" Type="Enumeration">Off</SelectorCombination>
            <SelectorCombination Entry="Timer1Start" Feature="EventNotification" Type="Enumeration">Off</SelectorCombination>
        </Selector>
        <Selector Name="LineSelector" Type="Enumeration" SelectedFeatures="6">
            <SelectorCombination Entry="Line0" Feature="LineMode" Type="Enumeration">Input</SelectorCombination>
            <SelectorCombination Entry="Line0" Feature="LineDebounceMode" Type="Enumeration">Off</SelectorCombination>
            <SelectorCombination Entry="Line0" Feature="LineDebounceDuration" Type="Float">0.027778</SelectorCombination>
            <SelectorCombination Entry="Line1" Feature="LineMode" Type="Enumeration">Input</SelectorCombination>
            <SelectorCombination Entry="Line1" Feature="LineDebounceMode" Type="Enumeration">Off</SelectorCombination>
            <SelectorCombination Entry="Line1" Feature="LineDebounceDuration" Type="Float">0.027778</SelectorCombination>
            <SelectorCombination Entry="Line2" Feature="LineMode" Type="Enumeration">Input</SelectorCombination>
            <SelectorCombination Entry="Line2" Feature="LineDebounceMode" Type="Enumeration">Off</SelectorCombination>
            <SelectorCombination Entry="Line2" Feature="LineDebounceDuration" Type="Float">0.027778</SelectorCombination>
            <SelectorCombination Entry="Line3" Feature="LineMode" Type="Enumeration">Input</SelectorCombination>
            <SelectorCombination Entry="Line3" Feature="LineDebounceMode" Type="Enumeration">Off</SelectorCombination>
            <SelectorCombination Entry="Line3" Feature="LineDebounceDuration" Type="Float">0.027778</SelectorCombination>
        </Selector>
        <Selector Name="TimerSelector" Type="Enumeration" SelectedFeatures="6">
            <SelectorCombination Entry="Timer0" Feature="TimerDuration" Type="Float">0.000000</SelectorCombination>
            <SelectorCombination Entry="Timer0" Feature="TimerDelay" Type="Float">0.000000</SelectorCombination>
            <SelectorCombination Entry="Timer0" Feature="TimerTriggerSource" Type="Enumeration">Off</SelectorCombination>
            <SelectorCombination Entry="Timer0" Feature="TimerTriggerActivation" Type="Enumeration">RisingEdge</SelectorCombination>
            <SelectorCombination Entry="Timer1" Feature="TimerDuration" Type="Float">0.000000</SelectorCombination>
            <SelectorCombination Entry="Timer1" Feature="TimerDelay" Type="Float">0.000000</SelectorCombination>
            <SelectorCombination Entry="Timer1" Feature="TimerTriggerSource" Type="Enumeration">Off</SelectorCombination>
            <SelectorCombination Entry="Timer1" Feature="TimerTriggerActivation" Type="Enumeration">RisingEdge</SelectorCombination>
        </Selector>
        <Selector Name="TriggerSelector" Type="Enumeration" SelectedFeatures="11">
            <SelectorCombination Entry="AcquisitionStart" Feature="LineMode" Type="Enumeration">Input</SelectorCombination>
            <SelectorCombination Entry="AcquisitionStart" Feature="LineDebounceMode" Type="Enumeration">Off</SelectorCombination>
            <SelectorCombination Entry="AcquisitionStart" Feature="LineDebounceDuration" Type="Float">0.027778</SelectorCombination>
            <SelectorCombination Entry="AcquisitionStart" Feature="TriggerSource" Type="Enumeration">Software</SelectorCombination>
            <SelectorCombination Entry="AcquisitionStart" Feature="TriggerActivation" Type="Enumeration">RisingEdge</SelectorCombination>
            <SelectorCombination Entry="AcquisitionEnd" Feature="LineMode" Type="Enumeration">Input</SelectorCombination>
            <SelectorCombination Entry="AcquisitionEnd" Feature="LineDebounceMode" Type="Enumeration">Off</SelectorCombination>
            <SelectorCombination Entry="AcquisitionEnd" Feature="LineDebounceDuration" Type="Float">0.027778</SelectorCombination>
            <SelectorCombination Entry="AcquisitionEnd" Feature="TriggerSource" Type="Enumeration">Software</SelectorCombination>
            <SelectorCombination Entry="AcquisitionEnd" Feature="TriggerActivation" Type="Enumeration">RisingEdge</SelectorCombination>
            <SelectorCombination Entry="AcquisitionActive" Feature="LineMode" Type="Enumeration">Input</SelectorCombination>
            <SelectorCombination Entry="AcquisitionActive" Feature="LineDebounceMode" Type="Enumeration">Off</SelectorCombination>
            <SelectorCombination Entry="AcquisitionActive" Feature="LineDebounceDuration" Type="Float">0.027778</SelectorCombination>
            <SelectorCombination Entry="AcquisitionActive" Feature="TriggerSource" Type="Enumeration">Software</SelectorCombination>
            <SelectorCombination Entry="AcquisitionActive" Feature="TriggerActivation" Type="Enumeration">RisingEdge</SelectorCombination>
            <SelectorCombination Entry="AcquisitionActive" Feature="TriggerDelay" Type="Float">0.000000</SelectorCombination>
            <SelectorCombination Entry="FrameStart" Feature="LineMode" Type="Enumeration">Input</SelectorCombination>
            <SelectorCombination Entry="FrameStart" Feature="LineDebounceMode" Type="Enumeration">Off</SelectorCombination>
            <SelectorCombination Entry="FrameStart" Feature="LineDebounceDuration" Type="Float">0.027778</SelectorCombination>
            <SelectorCombination Entry="FrameStart" Feature="TriggerSource" Type="Enumeration">Software</SelectorCombination>
            <SelectorCombination Entry="FrameStart" Feature="TriggerActivation" Type="Enumeration">RisingEdge</SelectorCombination>
            <SelectorCombination Entry="FrameStart" Feature="TriggerDelay" Type="Float">0.000000</SelectorCombination>
        </Selector>
    </SelectorGroup>
    <IgnoredFeatures Count="227">
        <Feature Name="AcquisitionFrameCount" Type="Integer" Access="None"></Feature>
        <Feature Name="AcquisitionFrameRate" Type="Float" Access="R"></Feature>
        <Feature Name="AcquisitionFrameRateEnable" Type="Boolean" Access="R"></Feature>
        <Feature Name="AcquisitionFrameRateMode" Type="Enumeration" Access="R"></Feature>
        <Feature Name="AcquisitionMode" Type="Enumeration" Access="R"></Feature>
        <Feature Name="AcquisitionStart" Type="Command" Access="W"></Feature>
        <Feature Name="AcquisitionStatus" Type="Boolean" Access="R"></Feature>
        <Selector Name="AcquisitionStatusSelector" Type="Enumeration" SelectedFeatures="1"></Selector>
        <Feature Name="AcquisitionStop" Type="Command" Access="W"></Feature>
        <Feature Name="AdaptiveNoiseSuppressionFactor" Type="Float" Access="R"></Feature>
        <Feature Name="AutoModeRegionHeight" Type="Integer" Access="R"></Feature>
        <Feature Name="AutoModeRegionOffsetX" Type="Integer" Access="R"></Feature>
        <Feature Name="AutoModeRegionOffsetY" Type="Integer" Access="R"></Feature>
        <Selector Name="AutoModeRegionSelector" Type="Enumeration" SelectedFeatures="4"></Selector>
        <Feature Name="AutoModeRegionWidth" Type="Integer" Access="R"></Feature>
        <Feature Name="BinningHorizontal" Type="Integer" Access="R"></Feature>
        <Feature Name="BinningHorizontalMode" Type="Enumeration" Access="R"></Feature>
        <Selector Name="BinningSelector" Type="Enumeration" SelectedFeatures="24"></Selector>
        <Feature Name="BinningVertical" Type="Integer" Access="R"></Feature>
        <Feature Name="BinningVerticalMode" Type="Enumeration" Access="R"></Feature>
        <Feature Name="BlackLevel" Type="Float" Access="R"></Feature>
        <Selector Name="BlackLevelSelector" Type="Enumeration" SelectedFeatures="1"></Selector>
        <Feature Name="ChunkBalanceRatioBlue" Type="Float" Access="R"></Feature>
        <Feature Name="ChunkBalanceRatioRed" Type="Float" Access="R"></Feature>
        <Feature Name="ChunkEnable" Type="Boolean" Access="R"></Feature>
        <Feature Name="ChunkExposureTime" Type="Float" Access="R"></Feature>
        <Feature Name="ChunkGain" Type="Float" Access="R"></Feature>
        <Feature Name="ChunkHeight" Type="Integer" Access="R"></Feature>
        <Feature Name="ChunkLineStatusAll" Type="Integer" Access="R"></Feature>
        <Feature Name="ChunkModeActive" Type="Boolean" Access="R"></Feature>
        <Feature Name="ChunkOffsetX" Type="Integer" Access="R"></Feature>
        <Feature Name="ChunkOffsetY" Type="Integer" Access="R"></Feature>
        <Selector Name="ChunkSelector" Type="Enumeration" SelectedFeatures="3"></Selector>
        <Feature Name="ChunkSequencerSetActive" Type="Integer" Access="R"></Feature>
        <Feature Name="ChunkTimestamp" Type="Integer" Access="R"></Feature>
        <Feature Name="ChunkWidth" Type="Integer" Access="R"></Feature>
        <Feature Name="ColorInterpolation" Type="Enumeration" Access="R"></Feature>
        <Feature Name="ConvolutionMode" Type="Enumeration" Access="R"></Feature>
        <Feature Name="CorrectionDataSize" Type="Integer" Access="R"></Feature>
        <Feature Name="CorrectionEntryType" Type="Integer" Access="R"></Feature>
        <Feature Name="CorrectionMode" Type="Enumeration" Access="R"></Feature>
        <Feature Name="CorrectionSet" Type="Enumeration" Access="R"></Feature>
        <Feature Name="CounterReset" Type="Command" Access="W"></Feature>
        <Feature Name="CounterStatus" Type="Enumeration" Access="R"></Feature>
        <Feature Name="CounterValueAtReset" Type="Integer" Access="R"></Feature>
        <Feature Name="CustomConvolutionValue" Type="Integer" Access="R"></Feature>
        <Selector Name="CustomConvolutionValueSelector" Type="Enumeration" SelectedFeatures="1"></Selector>
        <Feature Name="DeviceFamilyName" Type="String" Access="R"></Feature>
        <Feature Name="DeviceFirmwareID" Type="String" Access="R"></Feature>
        <Selector Name="DeviceFirmwareIDSelector" Type="Enumeration" SelectedFeatures="1"></Selector>
        <Feature Name="DeviceFirmwareVersion" Type="String" Access="R"></Feature>
        <Selector Name="DeviceFirmwareVersionSelector" Type="Enumeration" SelectedFeatures="1"></Selector>
        <Feature Name="DeviceGenCPVersionMajor" Type="Integer" Access="R"></Feature>
        <Feature Name="DeviceGenCPVersionMinor" Type="Integer" Access="R"></Feature>
        <Feature Name="DeviceLinkCommandTimeout" Type="Float" Access="R"></Feature>
        <Feature Name="DeviceLinkSpeed" Type="Integer" Access="R"></Feature>
        <Feature Name="DeviceLinkThroughputLimit" Type="Integer" Access="R"></Feature>
        <Feature Name="DeviceLinkThroughputLimitMode" Type="Enumeration" Access="R"></Feature>
        <Feature Name="DeviceManufacturerInfo" Type="String" Access="R"></Feature>
        <Feature Name="DeviceModelName" Type="String" Access="R"></Feature>
        <Feature Name="DeviceReset" Type="Command" Access="W"></Feature>
        <Feature Name="DeviceSFNCVersionMajor" Type="Integer" Access="R"></Feature>
        <Feature Name="DeviceSFNCVersionMinor" Type="Integer" Access="R"></Feature>
        <Feature Name="DeviceSFNCVersionSubMinor" Type="Integer" Access="R"></Feature>
        <Feature Name="DeviceScanType" Type="Enumeration" Access="R"></Feature>
        <Feature Name="DeviceSerialNumber" Type="String" Access="R"></Feature>
        <Feature Name="DeviceTLVersionMajor" Type="Integer" Access="R"></Feature>
        <Feature Name="DeviceTLVersionMinor" Type="Integer" Access="R"></Feature>
        <Feature Name="DeviceTemperature" Type="Float" Access="R"></Feature>
        <Selector Name="DeviceTemperatureSelector" Type="Enumeration" SelectedFeatures="1"></Selector>
        <Feature Name="DeviceTemperatureStatus" Type="Enumeration" Access="R"></Feature>
        <Feature Name="DeviceVendorName" Type="String" Access="R"></Feature>
        <Feature Name="DeviceVersion" Type="String" Access="R"></Feature>
        <Feature Name="EventAcquisitionEnd" Type="Integer" Access="R"></Feature>
        <Feature Name="EventAcquisitionEndTimestamp" Type="Integer" Access="R"></Feature>
        <Feature Name="EventAcquisitionStart" Type="Integer" Access="R"></Feature>
        <Feature Name="EventAcquisitionStartTimestamp" Type="Integer" Access="R"></Feature>
        <Feature Name="EventCounter0End" Type="Integer" Access="R"></Feature>
        <Feature Name="EventCounter0EndTimestamp" Type="Integer" Access="R"></Feature>
        <Feature Name="EventCounter0Start" Type="Integer" Access="R"></Feature>
        <Feature Name="EventCounter0StartTimestamp" Type="Integer" Access="R"></Feature>
        <Feature Name="EventCounter1End" Type="Integer" Access="R"></Feature>
        <Feature Name="EventCounter1EndTimestamp" Type="Integer" Access="R"></Feature>
        <Feature Name="EventCounter1Start" Type="Integer" Access="R"></Feature>
        <Feature Name="EventCounter1StartTimestamp" Type="Integer" Access="R"></Feature>
        <Feature Name="EventCounter2End" Type="Integer" Access="R"></Feature>
        <Feature Name="EventCounter2EndTimestamp" Type="Integer" Access="R"></Feature>
        <Feature Name="EventCounter2Start" Type="Integer" Access="R"></Feature>
        <Feature Name="EventCounter2StartTimestamp" Type="Integer" Access="R"></Feature>
        <Feature Name="EventCounter3End" Type="Integer" Access="R"></Feature>
        <Feature Name="EventCounter3EndTimestamp" Type="Integer" Access="R"></Feature>
        <Feature Name="EventCounter3Start" Type="Integer" Access="R"></Feature>
        <Feature Name="EventCounter3StartTimestamp" Type="Integer" Access="R"></Feature>
        <Feature Name="EventExposureEnd" Type="Integer" Access="R"></Feature>
        <Feature Name="EventExposureEndTimestamp" Type="Integer" Access="R"></Feature>
        <Feature Name="EventExposureStart" Type="Integer" Access="R"></Feature>
        <Feature Name="EventExposureStartTimestamp" Type="Integer" Access="R"></Feature>
        <Feature Name="EventFrameBufferOverflow" Type="Integer" Access="R"></Feature>
        <Feature Name="EventFrameBufferOverflowTimestamp" Type="Integer" Access="R"></Feature>
        <Feature Name="EventFrameTriggerMissed" Type="Integer" Access="R"></Feature>
        <Feature Name="EventFrameTriggerMissedTimestamp" Type="Integer" Access="R"></Feature>
        <Feature Name="EventFrameTriggerWait" Type="Integer" Access="R"></Feature>
        <Feature Name="EventFrameTriggerWaitTimestamp" Type="Integer" Access="R"></Feature>
        <Feature Name="EventLine0FallingEdge" Type="Integer" Access="R"></Feature>
        <Feature Name="EventLine0FallingEdgeTimestamp" Type="Integer" Access="R"></Feature>
        <Feature Name="EventLine0RisingEdge" Type="Integer" Access="R"></Feature>
        <Feature Name="EventLine0RisingEdgeTimestamp" Type="Integer" Access="R"></Feature>
        <Feature Name="EventLine1FallingEdge" Type="Integer" Access="R"></Feature>
        <Feature Name="EventLine1FallingEdgeTimestamp" Type="Integer" Access="R"></Feature>
        <Feature Name="EventLine1RisingEdge" Type="Integer" Access="R"></Feature>
        <Feature Name="EventLine1RisingEdgeTimestamp" Type="Integer" Access="R"></Feature>
        <Feature Name="EventLine2FallingEdge" Type="Integer" Access="R"></Feature>
        <Feature Name="EventLine2FallingEdgeTimestamp" Type="Integer" Access="R"></Feature>
        <Feature Name="EventLine2RisingEdge" Type="Integer" Access="R"></Feature>
        <Feature Name="EventLine2RisingEdgeTimestamp" Type="Integer" Access="R"></Feature>
        <Feature Name="EventLine3FallingEdge" Type="Integer" Access="R"></Feature>
        <Feature Name="EventLine3FallingEdgeTimestamp" Type="Integer" Access="R"></Feature>
        <Feature Name="EventLine3RisingEdge" Type="Integer" Access="R"></Feature>
        <Feature Name="EventLine3RisingEdgeTimestamp" Type="Integer" Access="R"></Feature>
        <Feature Name="EventOverflow" Type="Integer" Access="R"></Feature>
        <Feature Name="EventOverflowTimestamp" Type="Integer" Access="R"></Feature>
        <Feature Name="EventSoftwareSignal0" Type="Integer" Access="R"></Feature>
        <Feature Name="EventSoftwareSignal0Timestamp" Type="Integer" Access="R"></Feature>
        <Feature Name="EventSoftwareSignal1" Type="Integer" Access="R"></Feature>
        <Feature Name="EventSoftwareSignal1Timestamp" Type="Integer" Access="R"></Feature>
        <Feature Name="EventTemperatureOK" Type="Integer" Access="R"></Feature>
        <Feature Name="EventTemperatureOKTimestamp" Type="Integer" Access="R"></Feature>
        <Feature Name="EventTemperatureOvertemperature" Type="Integer" Access="R"></Feature>
        <Feature Name="EventTemperatureOvertemperatureTimestamp" Type="Integer" Access="R"></Feature>
        <Feature Name="EventTemperatureShutOff" Type="Integer" Access="R"></Feature>
        <Feature Name="EventTemperatureShutOffTimestamp" Type="Integer" Access="R"></Feature>
        <Feature Name="EventTemperatureWarning" Type="Integer" Access="R"></Feature>
        <Feature Name="EventTemperatureWarningTimestamp" Type="Integer" Access="R"></Feature>
        <Feature Name="EventTest" Type="Integer" Access="R"></Feature>
        <Feature Name="EventTestTimestamp" Type="Integer" Access="R"></Feature>
        <Feature Name="EventTimer0End" Type="Integer" Access="R"></Feature>
        <Feature Name="EventTimer0EndTimestamp" Type="Integer" Access="R"></Feature>
        <Feature Name="EventTimer0Start" Type="Integer" Access="R"></Feature>
        <Feature Name="EventTimer0StartTimestamp" Type="Integer" Access="R"></Feature>
        <Feature Name="EventTimer1End" Type="Integer" Access="R"></Feature>
        <Feature Name="EventTimer1EndTimestamp" Type="Integer" Access="R"></Feature>
        <Feature Name="EventTimer1Start" Type="Integer" Access="R"></Feature>
        <Feature Name="EventTimer1StartTimestamp" Type="Integer" Access="R"></Feature>
        <Feature Name="ExposureActiveMode" Type="Enumeration" Access="R"></Feature>
        <Feature Name="ExposureMode" Type="Enumeration" Access="R"></Feature>
        <Feature Name="FileAccessBuffer" Type="Raw" Access="None"></Feature>
        <Feature Name="FileAccessLength" Type="Integer" Access="None"></Feature>
        <Feature Name="FileAccessOffset" Type="Integer" Access="None"></Feature>
        <Feature Name="FileOpenMode" Type="Enumeration" Access="R/W"></Feature>
        <Feature Name="FileOperationExecute" Type="Command" Access="W"></Feature>
        <Feature Name="FileOperationResult" Type="Integer" Access="R"></Feature>
        <Feature Name="FileOperationSelector" Type="Enumeration" Access="R/W"></Feature>
        <Feature Name="FileOperationStatus" Type="Enumeration" Access="R"></Feature>
        <Feature Name="FileProcessStatus" Type="Enumeration" Access="R"></Feature>
        <Feature Name="FileSelector" Type="Enumeration" Access="R/W"></Feature>
        <Feature Name="FileSize" Type="Integer" Access="R"></Feature>
        <Feature Name="FileStatus" Type="Enumeration" Access="R"></Feature>
        <Selector Name="GainSelector" Type="Enumeration" SelectedFeatures="3"></Selector>
        <Feature Name="Height" Type="Integer" Access="R"></Feature>
        <Feature Name="HeightMax" Type="Integer" Access="R"></Feature>
        <Selector Name="IntensityControllerSelector" Type="Enumeration" SelectedFeatures="2"></Selector>
        <Feature Name="LUTEnable" Type="Boolean" Access="R"></Feature>
        <Feature Name="LUTIndex" Type="Integer" Access="R/W"></Feature>
        <Feature Name="LUTLoadAll" Type="Command" Access="None"></Feature>
        <Feature Name="LUTSaveAll" Type="Command" Access="None"></Feature>
        <Feature Name="LUTSelector" Type="Enumeration" Access="R/W"></Feature>
        <Feature Name="LUTValue" Type="Integer" Access="R"></Feature>
        <Feature Name="LUTValueAll" Type="Raw" Access="R"></Feature>
        <Feature Name="LensShadingEnable" Type="Boolean" Access="R"></Feature>
        <Selector Name="LensShadingIndex" Type="Integer" SelectedFeatures="1"></Selector>
        <Feature Name="LensShadingLoadAll" Type="Command" Access="None"></Feature>
        <Feature Name="LensShadingSaveAll" Type="Command" Access="None"></Feature>
        <Feature Name="LensShadingValue" Type="Float" Access="R"></Feature>
        <Feature Name="LineInverter" Type="Boolean" Access="None"></Feature>
        <Feature Name="LineSource" Type="Enumeration" Access="None"></Feature>
        <Feature Name="LineStatus" Type="Boolean" Access="R"></Feature>
        <Feature Name="LineStatusAll" Type="Integer" Access="R"></Feature>
        <Feature Name="MaxDriverBuffersCount" Type="Integer" Access="R"></Feature>
        <Feature Name="OffsetX" Type="Integer" Access="R"></Feature>
        <Feature Name="OffsetY" Type="Integer" Access="R"></Feature>
        <Feature Name="PayloadSize" Type="Integer" Access="R"></Feature>
        <Feature Name="PixelFormat" Type="Enumeration" Access="R"></Feature>
        <Feature Name="PixelSize" Type="Enumeration" Access="R"></Feature>
        <Feature Name="ReverseX" Type="Boolean" Access="R"></Feature>
        <Feature Name="ReverseY" Type="Boolean" Access="R"></Feature>
        <Feature Name="SensorBitDepth" Type="Enumeration" Access="R"></Feature>
        <Feature Name="SensorHeight" Type="Integer" Access="R"></Feature>
        <Feature Name="SensorShutterMode" Type="Enumeration" Access="R"></Feature>
        <Feature Name="SensorWidth" Type="Integer" Access="R"></Feature>
        <Feature Name="SerialBaudRate" Type="Enumeration" Access="None"></Feature>
        <Feature Name="SerialParityBit" Type="Enumeration" Access="None"></Feature>
        <Feature Name="SerialRxData" Type="Raw" Access="None"></Feature>
        <Feature Name="SerialRxSize" Type="Integer" Access="None"></Feature>
        <Feature Name="SerialRxWaiting" Type="Integer" Access="None"></Feature>
        <Feature Name="SerialStopBits" Type="Integer" Access="None"></Feature>
        <Feature Name="SerialTxData" Type="Raw" Access="None"></Feature>
        <Feature Name="SerialTxLock" Type="Boolean" Access="None"></Feature>
        <Feature Name="SerialTxRemaining" Type="Integer" Access="None"></Feature>
        <Feature Name="SerialTxSize" Type="Integer" Access="None"></Feature>
        <Feature Name="Sharpness" Type="Integer" Access="R"></Feature>
        <Feature Name="SoftwareSignalPulse" Type="Command" Access="W"></Feature>
        <Selector Name="SoftwareSignalSelector" Type="Enumeration" SelectedFeatures="1"></Selector>
        <Feature Name="StreamAnnounceBufferMinimum" Type="Integer" Access="R"></Feature>
        <Feature Name="StreamAnnouncedBufferCount" Type="Integer" Access="R"></Feature>
        <Feature Name="StreamBufferHandlingMode" Type="Enumeration" Access="R"></Feature>
        <Feature Name="StreamID" Type="String" Access="R"></Feature>
        <Feature Name="StreamIsGrabbing" Type="Boolean" Access="R"></Feature>
        <Feature Name="StreamType" Type="Enumeration" Access="R"></Feature>
        <Selector Name="SubRegionSelector" Type="Enumeration" SelectedFeatures="34"></Selector>
        <Feature Name="TestEventGenerate" Type="Command" Access="None"></Feature>
        <Feature Name="TestPattern" Type="Enumeration" Access="R"></Feature>
        <Feature Name="TimerReset" Type="Command" Access="W"></Feature>
        <Feature Name="TimerStatus" Type="Enumeration" Access="R"></Feature>
        <Feature Name="TimestampLatch" Type="Command" Access="W"></Feature>
        <Feature Name="TimestampLatchValue" Type="Integer" Access="R"></Feature>
        <Feature Name="TimestampReset" Type="Command" Access="W"></Feature>
        <Feature Name="TransferControlMode" Type="Enumeration" Access="R"></Feature>
        <Feature Name="TransferQueueCurrentBlockCount" Type="Integer" Access="R"></Feature>
        <Feature Name="TransferQueueMaxBlockCount" Type="Integer" Access="R"></Feature>
        <Selector Name="TransferSelector" Type="Enumeration" SelectedFeatures="4"></Selector>
        <Feature Name="TriggerMode" Type="Enumeration" Access="R"></Feature>
        <Feature Name="TriggerSoftware" Type="Command" Access="W"></Feature>
        <Feature Name="UserSetLoad" Type="Command" Access="None"></Feature>
        <Feature Name="UserSetSave" Type="Command" Access="None"></Feature>
        <Feature Name="UserSetSelector" Type="Enumeration" Access="R/W"></Feature>
        <Feature Name="Width" Type="Integer" Access="R"></Feature>
        <Feature Name="WidthMax" Type="Integer" Access="R"></Feature>
    </IgnoredFeatures>
</CameraSettings>
